Household essentials,Flash Cleaning Spray With Bleach 500Ml,1.58
Household essentials,Harpic Power Plus Toilet Cleaner Original 750Ml,1.84
Household essentials,Tesco Wash Up Liquid Lemon 450Ml,0.5
Household essentials,Persil Small And Mighty Non Bio. 25 Wash 875Ml,7.35
Household essentials,1 Marigold Extra Life Gloves Kitchen Medium,2.42
Household essentials,Tesco Drawstring Refuse Sacks 15 Pack (80L),2.1
Household essentials,Tesco Tie Top Refuse Sacks 10 Pack (60L),1.58
Household essentials,Tesco Citrus Antibacterial Wipes 40 Wipes,1.05
Household essentials,Tesco All Purpose Cloths 10 Pack,1.58
Household essentials,Flash Bathroom Cleaning Spray 500Ml,1.58
Household essentials,Tesco Antibacterial Washing Up Liquid Lime And Lemon 450Ml,0.74
Household essentials,Fairy Platimum Lemon Dishwasher Tablets 20 Pack,6.3
Household essentials,Mr Muscle Window And Glass Cleaner 500Ml,1.58
Household essentials,Comfort Creations Strawberry Fabric Conditioner 33 Wash 1.16L,3.15
Household essentials,Domestos Original Bleach 750Ml,1.16
Household essentials,Ariel 3In1 Pods Washing Capsules 19 Washes,7.35
Household essentials,Ariel Washing Gel 592Ml 16 Washes,5.78
Household essentials,Comfort Blue Fabric Conditioner 42 Wash 1.5L,3.15
Household essentials,Tesco Tie Top Garden Refuse Sacks 15 Pack (80L),1.58
"Frozen Food, Desserts & Ice",The Ice Co. Blue Keld Spring Water Ice Cubes 1Kg,1
"Frozen Food, Desserts & Ice",Tesco Double Chocolate Gateau 350G,1.31
"Frozen Food, Desserts & Ice",Ben And Jerry's Cookie Dough Ice Cream 500Ml,4.2
"Frozen Food, Desserts & Ice",Magnum White Ice Cream 4 X 110Ml,3.15
"Frozen Food, Desserts & Ice",Cornetto Classico Ice Cream Cone 4 X 90Ml,2.1
"Frozen Food, Desserts & Ice",Birds Eye 12 Omega 3 Fish Fingers 336G,2.36
"Frozen Food, Desserts & Ice",Tesco Caramel Vanilla Ice Cream 900Ml,2
"Frozen Food, Desserts & Ice",Haagen-Dazs Strawberry Cheesecake Ice Cream 500Ml,4.2
"Frozen Food, Desserts & Ice",Ben & Jerry Chocolate Fudge Brownie Ice Cream 500Ml,4.2
"Frozen Food, Desserts & Ice",Twister Ice Cream Lolly 80Ml,1
"Frozen Food, Desserts & Ice",Tesco Finest Madagascan Vanilla Ice Cream 500Ml,3.15
"Frozen Food, Desserts & Ice",Walls Soft Scoop Vanilla Ice Cream 1.8 Lt,2.1
"Frozen Food, Desserts & Ice",Tesco Summer Fruits 500G,2
"Frozen Food, Desserts & Ice",Tesco Finest Jumbo Cooked King Prawns 225G,4.73
"Frozen Food, Desserts & Ice",Mccain Home Chips 900G,1.84
"Frozen Food, Desserts & Ice",Birds Eye Field Fresh Garden Peas 860G,2.1
"Frozen Food, Desserts & Ice",Dr. Oetker Ristorante Pizza Mozzarella 335G,2.63
"Frozen Food, Desserts & Ice",Dr. Oetker Ristorante Pizza Pepperoni Salame 320G,2.63
"Frozen Food, Desserts & Ice",Magnum Classic Ice Cream 4 X 110Ml,3.15
"Frozen Food, Desserts & Ice",Carte D'or Vanilla Ice Cream Dessert 900Ml,3.15
"Frozen Food, Desserts & Ice",Haagen-Dazs Pralines & Cream Ice Cream 500Ml,4.2
"Frozen Food, Desserts & Ice",Magnum Pink Raspberry Ice Cream 340Ml,3.15
"Frozen Food, Desserts & Ice",Aunt Bessie's 12 Golden Yorkshires 220G,1.58
Baby,Tesco Loves Baby And Toddler Cotton Wool Balls 100 Pack,1.37
Baby,Sudocrem Antiseptic Healing Cream 175G,4.2
Baby,Huggies Drynites Pyjama Pants X10 Boy 4-7 Years,5.51
Baby,Johnsons Cotton Buds 200 Pack,1.05
Baby,Tesco Loves Baby 64 Fragranced Ultra Soft Wipes,0.68
Baby,Pampers Baby Dry Size 4 Carry Pack 25 Nappies,5.25
Baby,Johnsons Baby Oil 500Ml,3.15
Baby,Johnsons Baby Gold Shampoo 500Ml,2.36
Baby,Pampers Baby Dry Size 5 Carry Pack 23 Nappies,5.25
Baby,Pampers Baby Dry Size 6 Carry Pack 19 Nappies,5.25
Baby,Pampers Baby Dry Size 3 Carry Pack 30 Nappies,5.25
Baby,Johnsons Baby Wipes Gentle All Over 56 Pack,1.37
Baby,Tesco Loves Baby U/Soft Fragrance Free Wipes 64 Pack,0.68
Baby,Aptamil 1 First Milk Powder 900G,10.5
Baby,Organix 7 Month Rice Cakes Apple 50G,1.26
Baby,Farleys Rusks Original 9S 150G,1
Baby,Ella's Kitchen Carrots Apples Plus Parsnips 120G,1.16
Baby,Aptamil 1 First Milk 200Ml Ready To Feed Liquid,0.84
Baby,Aptamil 2 Follow On Milk Powder 900G,10.5
Baby,Ella's Kitchen Strawberries Plus Apples 120G,1.16
"Tea, Coffee, Sugar & Hot Chocolate",Nescafe Alta Rica Instant Coffee 100G,4.19
"Tea, Coffee, Sugar & Hot Chocolate",Twinings English Breakfast 50 Teabags 125G,2.93
"Tea, Coffee, Sugar & Hot Chocolate",Carte Noire Instant Coffee 100G,3.99
"Tea, Coffee, Sugar & Hot Chocolate",Twinings Earl Grey 50 Teabags 125G,2.93
"Tea, Coffee, Sugar & Hot Chocolate",Yorkshire 80 Teabags 250G,2.46
"Tea, Coffee, Sugar & Hot Chocolate",Lavazza Qualita Rossa Ground Coffee 250G,3.41
"Tea, Coffee, Sugar & Hot Chocolate",Kenco Pure Costa Rican Instant Coffee 100G,4.2
"Tea, Coffee, Sugar & Hot Chocolate",Nescafe Original Instant Coffee 200G,5.23
"Tea, Coffee, Sugar & Hot Chocolate",Nescafe Gold Blend Instant Coffee 200G,5.99
"Tea, Coffee, Sugar & Hot Chocolate",Tesco Finest Colombian Supremo Ground Coffee 227G,3.14
"Tea, Coffee, Sugar & Hot Chocolate",Nescafe Espresso Instant Coffee 100G,4.19
"Tea, Coffee, Sugar & Hot Chocolate",Nescafe Azera Americano Instant Coffee 100G,5.24
"Tea, Coffee, Sugar & Hot Chocolate",Pukka Organic Three Mint 20 Tea Bags 32G,2.51
"Tea, Coffee, Sugar & Hot Chocolate",Tesco Italian Blend Ground Coffee 227G,2.1
"Tea, Coffee, Sugar & Hot Chocolate",Taylors Rich Italian Ground Coffee 227G,3.66
"Tea, Coffee, Sugar & Hot Chocolate",Twinings Lady Grey 50 Teabags 125G,2.93
"Tea, Coffee, Sugar & Hot Chocolate",Twinings Lemon And Ginger 20 Teabags 30G,1.77
"Tea, Coffee, Sugar & Hot Chocolate",Pg Tips 80S Pyramid Teabags 232G,2.61
"Tea, Coffee, Sugar & Hot Chocolate",Twinings Green Tea Lemon 20'S 40G,2.09
"Tea, Coffee, Sugar & Hot Chocolate",Granulated Sugar 1Kg,0.59
"Tea, Coffee, Sugar & Hot Chocolate",Twinings Invigorating /Invigorate Peppermint 20 Teabags 40G,1.77
"Tea, Coffee, Sugar & Hot Chocolate",Twinings Pure Green Teabags 20'S 50G,2.09
"Tea, Coffee, Sugar & Hot Chocolate",Twinings Camomile And Honey 20'S 30 G,1.77
"Tea, Coffee, Sugar & Hot Chocolate",Twinings Pure Camomile 20 Teabags 30G,1.77
"Tea, Coffee, Sugar & Hot Chocolate",Nescafe Cafe Menu Cappuccino 10 Sachets 170G,1.98
"Tea, Coffee, Sugar & Hot Chocolate",Twinings Jasmine Green Teabags 20'S 50G,2.09
"Tea, Coffee, Sugar & Hot Chocolate",Nescafe Cafe Menu Cappuccino Un/Swt 10S 142G,1.98
"Tea, Coffee, Sugar & Hot Chocolate",Twinings Ginger 20'S 35G,1.77
"Tea, Coffee, Sugar & Hot Chocolate",Nescafe Azera Coffee To Go Latte 4 Cup 90G,4.82
"Tea, Coffee, Sugar & Hot Chocolate",Cadbury Fair Trade Hot Chocolate Instant 400G,2.61
"Tea, Coffee, Sugar & Hot Chocolate",Twinings Strawberry And Raspberry 40G,1.77
"Tea, Coffee, Sugar & Hot Chocolate",Pg Tips 40S Pyramid Teabags 116G,1.35
"Health, Beauty & Pharmacy",Lynx Africa Body Spray 150Ml,3.15
"Health, Beauty & Pharmacy",Simple Kind To Skin Hydrating Light Moisturiser 125Ml,3.15
"Health, Beauty & Pharmacy",Batiste Dry Shampoo Blush 200Ml,3.15
"Health, Beauty & Pharmacy",Tesco Paracetamol 500Mg 16 Tablets Caplet Shaped,0.26
"Health, Beauty & Pharmacy",Glade Aerosol Magnolia And Vanilla 300Ml,1.26
"Health, Beauty & Pharmacy",Sudafed Blocked Nose Spray 15Ml,4.2
"Health, Beauty & Pharmacy",Vaseline Lip Therapy Aloe Vera 20G,1.94
"Health, Beauty & Pharmacy",Simple Kind To Skin Cleansing Facial Wipes 25'S,3.15
"Health, Beauty & Pharmacy",Panadol Advance Tablets 16S,1.58
"Health, Beauty & Pharmacy",Dove Nourishing Body Wash 250Ml,1.89
"Health, Beauty & Pharmacy",Colgate Maxwhite Medium Toothbrush,2.63
"Health, Beauty & Pharmacy",Imodium Instants 6 Pack,3.47
"Health, Beauty & Pharmacy",Sensodyne Repair And Protect Toothpaste 75Ml,4.73
"Health, Beauty & Pharmacy",Elastoplast Water Resistant Strips 40S,2.31
"Health, Beauty & Pharmacy",Nivea Lip Care Essential 4.8G,1.63
"Health, Beauty & Pharmacy",Elvive Ultra Violet Filter Colour Protect Shampoo 400Ml,3.68
"Health, Beauty & Pharmacy",Durex Thin Feel 6S,5.25
"Health, Beauty & Pharmacy",Sure Men Invisible Ice Antiperspirant Deodorant Compressed 125Ml,2.63
"Health, Beauty & Pharmacy",Dove Original Beauty Cream Bar 2 X 100G,1.58
"Health, Beauty & Pharmacy",Colgate Total Original Care Toothpaste 125Ml,3.15
"Health, Beauty & Pharmacy",Carex Handwash Aloe Vera And Eucalyptus 250Ml,1.47
"Health, Beauty & Pharmacy",Lillets Tampons Super 16'S,2.1
"Health, Beauty & Pharmacy",Radox For Men 2 In 1 250Ml,1.47
"Health, Beauty & Pharmacy",Always Ultra Towels Long Wings X12,2.1
"Health, Beauty & Pharmacy",Colgate Cavity Protection Toothpaste 75Ml,0.84
"Health, Beauty & Pharmacy",Nivea Soft Intensive Moisturiser Creme 75Ml,2.57
"Health, Beauty & Pharmacy",Febreze Aerosol Cotton Fresh Air Freshener 300Ml,3.15
"Health, Beauty & Pharmacy",Dove Invisible Dry Roll-On Antiperspirant Deodorant 50Ml,1.58
"Health, Beauty & Pharmacy",Corsodyl Mint Mouthwash 300Ml,5.25
Water,Tesco Ashbeck Still Water 5Ltr,1.16
Water,Tesco Ashbeck Sparkling Water 2Ltr,0.47
Water,Tesco Still Water 2Ltr,0.47
Water,Highland Spring Still Water 1.5 Litre,0.64
Water,Highland Spring Sparkling Water 1.5Ltr,0.91
Water,Tesco Sparkling Water Hint Of Lemon And Lime 1 Litre,0.47
Water,Tesco Sparkling Water Hint Of Apple And Raspberry 1 Litre,0.47
Water,Nestle Pure Life Bottled Water 1.5L,0.58
Water,Highland Spring Sports Bottle 750 Ml,0.86
Water,Buxton Still Water Sports 1 Ltr(C),0.89
Water,Glaceau Smartwater 600Ml,0.53
Water,Nestle Pure Life Water 12X500ml,2.1
Water,Highland Spring Sparkling Water 500 Ml,0.58
Water,Buxton Still Water 1.5Ltr,0.63
